model	nDCGRendle2020	HR	Precision	Recall
tsne@2	0.040783233601143054	0.1446497037295225	0.024642732659463224	0.05484221737757691
