model	nDCGRendle2020	HR	Precision	Recall
umap@16	0.013064956161261259	0.04600906239107703	0.006169397002439876	0.013744883149760254
umap@2	0.014766226651362254	0.049843150923666785	0.007563611014290693	0.02157616699581203
umap@32	0.07388889310798688	0.23039386545834786	0.04290693621470896	0.10246038761237126
umap@4	0.0894250526237221	0.2324851864761241	0.04576507493900314	0.10774383120337741
umap@8	0.06585648681627367	0.18508191007319624	0.03611014290693622	0.08470385182528503
