model	nDCGRendle2020	HR	Precision	Recall
TSNE@2	0.03371319747605857	0.16342933690555927	0.036805090421969194	0.036805090421969194
