model	nDCGRendle2020	HR	Precision	Recall
BASE@128	0.6642820316675175	0.9989953114534494	0.5985264567983926	0.5985264567983926
BASE@16	0.4273866695220782	0.9353650368385801	0.38144675150703283	0.38144675150703283
BASE@2	0.2441505232373425	0.7002679169457469	0.21674480910917618	0.21674480910917618
BASE@256	1.0	1.0	1.0	1.0
BASE@32	0.4974340703572948	0.9758874748827864	0.44601473543201614	0.44601473543201614
BASE@4	0.27945656570179944	0.797052913596785	0.25348292029470865	0.25348292029470865
BASE@64	0.5822184556259935	0.9919624916275954	0.5212324179504354	0.5212324179504354
BASE@8	0.3375016695752763	0.8754186202277294	0.30733422638981917	0.30733422638981917
