model	nDCGRendle2020	HR	Precision	Recall
PCA@16	0.16528558424845916	0.4074590449634019	0.07295224817009412	0.20065928259552535
PCA@2	0.11879924765158192	0.3262460787730917	0.055001742767514815	0.14335030276037228
PCA@32	0.17195403826013486	0.4241896131056117	0.07507842453816661	0.21031122128529006
PCA@4	0.14283328699529388	0.37539212269083305	0.06650400836528407	0.1755708428833681
PCA@8	0.15762735180921644	0.3952596723597072	0.07089578250261415	0.19290501496785906
