model	nDCGRendle2020	HR	Precision	Recall
UMAP@128	0.014355151792181676	0.05927662424648359	0.014166108506363026	0.014166108506363026
UMAP@16	0.01979875098239282	0.06563965170797052	0.016744809109176157	0.016744809109176157
UMAP@2	0.012680052774542355	0.07367716008037509	0.012558606831882117	0.012558606831882117
UMAP@32	0.05166966454570937	0.3144675150703282	0.05492297387809779	0.05492297387809779
UMAP@4	0.02101918129968526	0.07702612190221031	0.020093770931011386	0.020093770931011386
UMAP@64	0.012607555876190613	0.0405224380442063	0.010716677829872739	0.010716677829872739
UMAP@8	0.09278914321482297	0.46416610850636303	0.1042196918955124	0.1042196918955124
