model	nDCGRendle2020	HR	Precision	Recall
AUTOE@128	0.6546227136636472	1.0	0.5777963831212324	0.5777963831212324
AUTOE@16	0.4080780843620667	0.9467515070328199	0.36138647019423975	0.36138647019423975
AUTOE@2	0.1940614150141589	0.5371734762223711	0.17538513060951105	0.17538513060951105
AUTOE@32	0.4541072707235244	0.9752176825184193	0.39102478231748156	0.39102478231748156
AUTOE@4	0.25874535113451996	0.7089752176825184	0.23265237776289352	0.23265237776289352
AUTOE@64	0.4300084011483656	0.9685197588747488	0.36905559276624245	0.36905559276624245
AUTOE@8	0.24559164508021192	0.718352310783657	0.2217012726054923	0.2217012726054923
