model	nDCGRendle2020	HR	Precision	Recall
kpca@16	0.4900611285660449	0.8670562454346238	0.43630387143900656	0.43630387143900656
kpca@2	0.4788434241657769	0.7801314828341855	0.43192111029948865	0.43192111029948865
kpca@32	0.4915949312507015	0.8714390065741418	0.4379108838568298	0.4379108838568298
kpca@4	0.4779113284920875	0.8203067932797663	0.42571219868517163	0.42571219868517163
kpca@64	0.49143199432205886	0.8765522279035792	0.437618699780862	0.437618699780862
kpca@8	0.48740415217024297	0.8509861212563915	0.4326515704894083	0.4326515704894083
