model	nDCGRendle2020	HR	Precision	Recall
pca@16	0.4894301211546694	0.8655953250547845	0.435354273192111	0.435354273192111
pca@2	0.4788434241657769	0.7801314828341855	0.43192111029948865	0.43192111029948865
pca@32	0.4917072784989586	0.8714390065741418	0.4373995617238861	0.4373995617238861
pca@4	0.4779408660265683	0.8203067932797663	0.42571219868517163	0.42571219868517163
pca@64	0.49143199432205886	0.8765522279035792	0.437618699780862	0.437618699780862
pca@8	0.48715785656643956	0.8495252008765523	0.4322132943754566	0.4322132943754566
