model	nDCGRendle2020	HR	Precision	Recall
tsne@2	0.09208826626651236	0.30168005843681517	0.09006574141709277	0.09006574141709277
