model	nDCGRendle2020	HR	Precision	Recall
umap@2	0.6087570676569389	0.9327976625273923	0.5254200146092037	0.5254200146092037
