model	nDCGRendle2020	HR	Precision	Recall
tsne@16	0.058457245422925026	0.3360116873630387	0.05193571950328707	0.05193571950328707
tsne@2	0.09208826626651236	0.30168005843681517	0.09006574141709277	0.09006574141709277
tsne@32	0.03258374074517693	0.20525931336742148	0.0339663988312637	0.0339663988312637
tsne@4	0.07205759450914519	0.2899926953981008	0.07100073046018993	0.07100073046018993
tsne@64	0.04998724606891475	0.28634039444850257	0.05113221329437546	0.05113221329437546
tsne@8	0.06270131951171949	0.27757487216946675	0.0635500365230095	0.0635500365230095
