model	nDCGRendle2020	HR	Precision	Recall
umap@2	0.5973660696582922	0.9298758217677137	0.510153396639883	0.510153396639883
