model	nDCGRendle2020	HR	Precision	Recall
lle@10	0.005197523896368213	0.020452885317750184	0.004821037253469686	0.004821037253469686
lle@15	0.006031467236280731	0.027757487216946677	0.005551497443389335	0.005551497443389335
lle@2				
lle@2154	0.44185684356304167	0.8078889700511322	0.3946676406135866	0.3946676406135866
lle@786	0.4334625113230964	0.799853907962016	0.38707085463842217	0.38707085463842217
