model	nDCGRendle2020	HR	Precision	Recall
kpca@2	0.4788434241657769	0.7801314828341855	0.43192111029948865	0.43192111029948865
