model	nDCGRendle2020	HR	Precision	Recall
isomap@10	0.4221440510763514	0.743608473338203	0.3761869978086194	0.3761869978086194
isomap@15	0.43657763867369154	0.758217677136596	0.3918188458728999	0.3918188458728999
isomap@2				
isomap@2154	0.4788434241657769	0.7801314828341855	0.43192111029948865	0.43192111029948865
isomap@786	0.44850330129115307	0.75018261504748	0.40482103725346974	0.40482103725346974
